{"cameraMode":{"drawMode":0,"name":"Shaded","section":"Shading Mode"},"sceneLighting":true,"audioPlay":false,"sceneViewState":{"m_AlwaysRefresh":false,"showFog":true,"showSkybox":true,"showFlares":true,"showImageEffects":true,"showParticleSystems":true,"showVisualEffectGraphs":true,"m_FxEnabled":true},"in2DMode":false,"pivot":{"x":24.51439666748047,"y":0.6280851364135742,"z":-10.735554695129395},"rotation":{"x":0.5024569034576416,"y":0.11727513372898102,"z":-0.06902044266462326,"w":0.8538379669189453},"size":13.153782844543457,"orthographic":false}